﻿id,latitude,longitude,name
AD,42.55,1.6,Andorra
ARE,23.42,53.85,United Arab Emirates
AFG,33.94,67.71,Afghanistan
AG,17.06,-61.8,Antigua and Barbuda
AI,18.22,-63.07,Anguilla
ALB,41.15,20.17,Albania
ARM,40.07,45.04,Armenia
AN,12.23,-69.06,Netherlands Antilles
AGO,-11.2,17.87,Angola
AQ,-75.25,-0.07,Antarctica
ARG,-38.42,-63.62,Argentina
AS,-14.27,-170.13,American Samoa
AUT,47.52,14.55,Austria
AUS,-25.27,133.78,Australia
AW,12.52,-69.97,Aruba
AZE,40.14,47.58,Azerbaijan
BIH,43.92,17.68,Bosnia and Herzegovina
BRB,13.19,-59.54,Barbados
BGD,23.68,90.36,Bangladesh
BEL,50.5,4.47,Belgium
BFA,12.24,-1.56,Burkina Faso
BGR,42.73,25.49,Bulgaria
BHR,25.93,50.64,Bahrain
BDI,-3.37,29.92,Burundi
BEN,9.31,2.32,Benin
BM,32.32,-64.76,Bermuda
BRN,4.54,114.73,Brunei
BOL,-16.29,-63.59,Bolivia
BRA,-14.24,-51.93,Brazil
BHS,25.03,-77.4,Bahamas
BTN,27.51,90.43,Bhutan
BV,-54.42,3.41,Bouvet Island
BWA,-22.33,24.68,Botswana
BLR,53.71,27.95,Belarus
BLZ,17.19,-88.5,Belize
CAN,56.13,-106.35,Canada
CC,-12.16,96.87,Cocos [Keeling] Islands
ZAR,-4.04,21.76,Congo [DRC]
CAF,6.61,20.94,Central African Republic
COG,-0.23,15.83,Congo [Republic]
CHE,46.82,8.23,Switzerland
CIV,7.54,-5.55,Côte d'Ivoire
CK,-21.24,-159.78,Cook Islands
CHL,-35.68,-71.54,Chile
CMR,7.37,12.35,Cameroon
CHN,35.86,104.2,China
COL,4.57,-74.3,Colombia
CRI,9.75,-83.75,Costa Rica
CUB,21.52,-77.78,Cuba
CPV,16,-24.01,Cape Verde
CX,-10.45,105.69,Christmas Island
CYP,35.13,33.43,Cyprus
CZE,49.82,15.47,Czech Republic
DEU,51.17,10.45,Germany
DJI,11.83,42.59,Djibouti
DNK,56.26,9.5,Denmark
DM,15.41,-61.37,Dominica
DOM,18.74,-70.16,Dominican Republic
DZA,28.03,1.66,Algeria
ECU,-1.83,-78.18,Ecuador
EST,58.6,25.01,Estonia
EGY,26.82,30.8,Egypt
EH,24.22,-12.89,Western Sahara
ERI,15.18,39.78,Eritrea
ESP,40.46,-3.75,Spain
ETH,9.15,40.49,Ethiopia
FIN,61.92,25.75,Finland
FJI,-16.58,179.41,Fiji
FK,-51.8,-59.52,Falkland Islands [Islas Malvinas]
FM,7.43,150.55,Micronesia
FO,61.89,-6.91,Faroe Islands
FRA,46.23,2.21,France
GAB,-0.8,11.61,Gabon
GBR,55.38,-3.44,United Kingdom
GD,12.26,-61.6,Grenada
GEO,42.32,43.36,Georgia
GF,3.93,-53.13,French Guiana
GG,49.47,-2.59,Guernsey
GHA,7.95,-1.02,Ghana
GI,36.14,-5.35,Gibraltar
GL,71.71,-42.6,Greenland
GMB,13.44,-15.31,Gambia
GIN,9.95,-9.7,Guinea
GP,17,-62.07,Guadeloupe
GNQ,1.65,10.27,Equatorial Guinea
GRC,39.07,21.82,Greece
GS,-54.43,-36.59,South Georgia and the South Sandwich Islands
GTM,15.78,-90.23,Guatemala
GU,13.44,144.79,Guam
GNB,11.8,-15.18,Guinea-Bissau
GUY,4.86,-58.93,Guyana
GZ,31.35,34.31,Gaza Strip
HK,22.4,114.11,Hong Kong
HM,-53.08,73.5,Heard Island and McDonald Islands
HND,15.2,-86.24,Honduras
HRV,45.1,15.2,Croatia
HTI,18.97,-72.29,Haiti
HUN,47.16,19.5,Hungary
IDN,-0.79,113.92,Indonesia
IRL,53.41,-8.24,Ireland
ISR,31.05,34.85,Israel
IM,54.24,-4.55,Isle of Man
IND,20.59,78.96,India
IO,-6.34,71.88,British Indian Ocean Territory
IRQ,33.22,43.68,Iraq
IRN,32.43,53.69,Iran
ISL,64.96,-19.02,Iceland
ITA,41.87,12.57,Italy
JE,49.21,-2.13,Jersey
JAM,18.11,-77.3,Jamaica
JOR,30.59,36.24,Jordan
JPN,36.2,138.25,Japan
KEN,-0.02,37.91,Kenya
KGZ,41.2,74.77,Kyrgyzstan
KHM,12.57,104.99,Cambodia
KI,-3.37,-168.73,Kiribati
COM,-11.88,43.87,Comoros
KN,17.36,-62.78,Saint Kitts and Nevis
PRK,40.34,127.51,North Korea
KOR,35.91,127.77,South Korea
KWT,29.31,47.48,Kuwait
KY,19.51,-80.57,Cayman Islands
KAZ,48.02,66.92,Kazakhstan
LAO,19.86,102.5,Laos
LBN,33.85,35.86,Lebanon
LC,13.91,-60.98,Saint Lucia
LI,47.17,9.56,Liechtenstein
LKA,7.87,80.77,Sri Lanka
LBR,6.43,-9.43,Liberia
LSO,-29.61,28.23,Lesotho
LTU,55.17,23.88,Lithuania
LUX,49.82,6.13,Luxembourg
LVA,56.88,24.6,Latvia
LBY,26.34,17.23,Libya
MAR,31.79,-7.09,Morocco
MC,43.75,7.41,Monaco
MDA,47.41,28.37,Moldova
MNE,42.71,19.37,Montenegro
MDG,-18.77,46.87,Madagascar
MH,7.13,171.18,Marshall Islands
MKD,41.61,21.75,Macedonia [FYROM]
MLI,17.57,-4,Mali
MMR,21.91,95.96,Myanmar [Burma]
MNG,46.86,103.85,Mongolia
MO,22.2,113.54,Macau
MP,17.33,145.38,Northern Mariana Islands
MQ,14.64,-61.02,Martinique
MRT,21.01,-10.94,Mauritania
MS,16.74,-62.19,Montserrat
MLT,35.94,14.38,Malta
MUS,-20.35,57.55,Mauritius
MDV,3.2,73.22,Maldives
MWI,-13.25,34.3,Malawi
MEX,23.63,-102.55,Mexico
MYS,4.21,101.98,Malaysia
MOZ,-18.67,35.53,Mozambique
NAM,-22.96,18.49,Namibia
NC,-20.9,165.62,New Caledonia
NER,17.61,8.08,Niger
NF,-29.04,167.95,Norfolk Island
NGA,9.08,8.68,Nigeria
NIC,12.87,-85.21,Nicaragua
NLD,52.13,5.29,Netherlands
NOR,60.47,8.47,Norway
NPL,28.39,84.12,Nepal
NR,-0.52,166.93,Nauru
NU,-19.05,-169.87,Niue
NZL,-40.9,174.89,New Zealand
OMN,21.51,55.92,Oman
PAN,8.54,-80.78,Panama
PER,-9.19,-75.02,Peru
PF,-17.68,-149.41,French Polynesia
PNG,-6.31,143.96,Papua New Guinea
PHL,12.88,121.77,Philippines
PAK,30.38,69.35,Pakistan
POL,51.92,19.15,Poland
PM,46.94,-56.27,Saint Pierre and Miquelon
PN,-24.7,-127.44,Pitcairn Islands
PR,18.22,-66.59,Puerto Rico
PS,31.95,35.23,Palestinian Territories
PRT,39.4,-8.22,Portugal
PW,7.51,134.58,Palau
PRY,-23.44,-58.44,Paraguay
QAT,25.35,51.18,Qatar
RE,-21.12,55.54,Réunion
ROM,45.94,24.97,Romania
SRB,44.02,21.01,Serbia
RUS,61.52,105.32,Russia
RWA,-1.94,29.87,Rwanda
SAU,23.89,45.08,Saudi Arabia
SLB,-9.65,160.16,Solomon Islands
SC,-4.68,55.49,Seychelles
SDN,12.86,30.22,Sudan
SWE,60.13,18.64,Sweden
SGP,1.35,103.82,Singapore
SH,-24.14,-10.03,Saint Helena
SVN,46.15,15,Slovenia
SJ,77.55,23.67,Svalbard and Jan Mayen
SVK,48.67,19.7,Slovakia
SLE,8.46,-11.78,Sierra Leone
SM,43.94,12.46,San Marino
SEN,14.5,-14.45,Senegal
SOM,5.15,46.2,Somalia
SUR,3.92,-56.03,Suriname
ST,0.19,6.61,São Tomé and Príncipe
SLV,13.79,-88.9,El Salvador
SYR,34.8,39,Syria
SWZ,-26.52,31.47,Swaziland
TC,21.69,-71.8,Turks and Caicos Islands
TCD,15.45,18.73,Chad
TF,-49.28,69.35,French Southern Territories
TGO,8.62,0.82,Togo
THA,15.87,100.99,Thailand
TJK,38.86,71.28,Tajikistan
TK,-8.97,-171.86,Tokelau
TMP,-8.87,125.73,Timor-Leste
TKM,38.97,59.56,Turkmenistan
TUN,33.89,9.54,Tunisia
TO,-21.18,-175.2,Tonga
TUR,38.96,35.24,Turkey
TTO,10.69,-61.22,Trinidad and Tobago
TV,-7.11,177.65,Tuvalu
TWN,23.7,120.96,Taiwan
TZA,-6.37,34.89,Tanzania
UKR,48.38,31.17,Ukraine
UGA,1.37,32.29,Uganda
UM,,,U.S. Minor Outlying Islands
USA,37.09,-95.71,United States
URY,-32.52,-55.77,Uruguay
UZB,41.38,64.59,Uzbekistan
VA,41.9,12.45,Vatican City
VC,12.98,-61.29,Saint Vincent and the Grenadines
VEN,6.42,-66.59,Venezuela
VG,18.42,-64.64,British Virgin Islands
VI,18.34,-64.9,U.S. Virgin Islands
VNM,14.06,108.28,Vietnam
VU,-15.38,166.96,Vanuatu
WF,-13.77,-177.16,Wallis and Futuna
WS,-13.76,-172.1,Samoa
XK,42.6,20.9,Kosovo
YEM,15.55,48.52,Yemen
YT,-12.83,45.17,Mayotte
ZAF,-30.56,22.94,South Africa
ZMB,-13.13,27.85,Zambia
ZWE,-19.02,29.15,Zimbabwe