Entity,Code,Year,Crude Oil Prices
World,OWID_WRL,1861,3.08161006
World,OWID_WRL,1862,6.6034497
World,OWID_WRL,1863,19.8103506
World,OWID_WRL,1864,50.68934264
World,OWID_WRL,1865,41.44451096
World,OWID_WRL,1866,23.52086006
World,OWID_WRL,1867,15.15649054
World,OWID_WRL,1868,22.82907072
World,OWID_WRL,1869,22.89196066
World,OWID_WRL,1870,24.27553934
World,OWID_WRL,1871,27.29426096
World,OWID_WRL,1872,22.89196066
World,OWID_WRL,1873,11.50887027
World,OWID_WRL,1874,7.35812973
World,OWID_WRL,1875,8.49015015
World,OWID_WRL,1876,16.09983964
World,OWID_WRL,1877,15.21938048
World,OWID_WRL,1878,7.48391036
World,OWID_WRL,1879,5.40854009
World,OWID_WRL,1880,5.974549925
World,OWID_WRL,1881,5.40854009
World,OWID_WRL,1882,4.90541982
World,OWID_WRL,1883,6.289
World,OWID_WRL,1884,5.282759835
World,OWID_WRL,1885,5.53431997
World,OWID_WRL,1886,4.465189865
World,OWID_WRL,1887,4.213630105
World,OWID_WRL,1888,5.53431997
World,OWID_WRL,1889,5.911659985
World,OWID_WRL,1890,5.47143003
World,OWID_WRL,1891,4.213630105
World,OWID_WRL,1892,3.521840015
World,OWID_WRL,1893,4.02495991
World,OWID_WRL,1894,5.282759835
World,OWID_WRL,1895,8.55304009
World,OWID_WRL,1896,7.42101967
World,OWID_WRL,1897,4.968310135
World,OWID_WRL,1898,5.722990165
World,OWID_WRL,1899,8.11280976
World,OWID_WRL,1900,7.48391036
World,OWID_WRL,1901,6.037439865
World,OWID_WRL,1902,5.031200075
World,OWID_WRL,1903,5.911659985
World,OWID_WRL,1904,5.40854009
World,OWID_WRL,1905,3.89918003
World,OWID_WRL,1906,4.59097012
World,OWID_WRL,1907,4.52808018
World,OWID_WRL,1908,4.52808018
World,OWID_WRL,1909,4.402299925
World,OWID_WRL,1910,3.83629009
World,OWID_WRL,1911,3.83629009
World,OWID_WRL,1912,4.65386006
World,OWID_WRL,1913,5.974549925
World,OWID_WRL,1914,5.094090015
World,OWID_WRL,1915,4.02495991
World,OWID_WRL,1916,6.91790015
World,OWID_WRL,1917,9.81083964
World,OWID_WRL,1918,12.45222012
World,OWID_WRL,1919,12.64088994
World,OWID_WRL,1920,19.30722958
World,OWID_WRL,1921,10.87997012
World,OWID_WRL,1922,10.12529009
World,OWID_WRL,1923,8.42726021
World,OWID_WRL,1924,8.99326967
World,OWID_WRL,1925,10.56551967
World,OWID_WRL,1926,11.82331997
World,OWID_WRL,1927,8.1756997
World,OWID_WRL,1928,7.35812973
World,OWID_WRL,1929,7.98702988
World,OWID_WRL,1930,7.48391036
World,OWID_WRL,1931,4.08784985
World,OWID_WRL,1932,5.47143003
World,OWID_WRL,1933,4.213630105
World,OWID_WRL,1934,6.289
World,OWID_WRL,1935,6.10033018
World,OWID_WRL,1936,6.85501021
World,OWID_WRL,1937,7.42101967
World,OWID_WRL,1938,7.10656997
World,OWID_WRL,1939,6.41477988
World,OWID_WRL,1940,6.41477988
World,OWID_WRL,1941,7.16945991
World,OWID_WRL,1942,7.48391036
World,OWID_WRL,1943,7.5468003
World,OWID_WRL,1944,7.60969024
World,OWID_WRL,1945,6.6034497
World,OWID_WRL,1946,7.04368003
World,OWID_WRL,1947,11.94909985
World,OWID_WRL,1948,12.51511006
World,OWID_WRL,1949,11.19441982
World,OWID_WRL,1950,10.75419024
World,OWID_WRL,1951,10.75419024
World,OWID_WRL,1952,10.75419024
World,OWID_WRL,1953,12.13776967
World,OWID_WRL,1954,12.13776967
World,OWID_WRL,1955,12.13776967
World,OWID_WRL,1956,12.13776967
World,OWID_WRL,1957,11.94909985
World,OWID_WRL,1958,13.08111952
World,OWID_WRL,1959,13.08111952
World,OWID_WRL,1960,11.94909985
World,OWID_WRL,1961,11.3201997
World,OWID_WRL,1962,11.3201997
World,OWID_WRL,1963,11.3201997
World,OWID_WRL,1964,11.3201997
World,OWID_WRL,1965,11.3201997
World,OWID_WRL,1966,11.3201997
World,OWID_WRL,1967,11.3201997
World,OWID_WRL,1968,11.3201997
World,OWID_WRL,1969,11.3201997
World,OWID_WRL,1970,11.3201997
World,OWID_WRL,1971,14.08736006
World,OWID_WRL,1972,15.59672012
World,OWID_WRL,1973,20.69080976
World,OWID_WRL,1974,72.82661952
World,OWID_WRL,1975,72.51216832
World,OWID_WRL,1976,80.4992012
World,OWID_WRL,1977,87.54288048
World,OWID_WRL,1978,88.17178288
World,OWID_WRL,1979,198.7952938
World,OWID_WRL,1980,231.6238815
World,OWID_WRL,1981,225.9637719
World,OWID_WRL,1982,207.3483377
World,OWID_WRL,1983,185.8399452
World,OWID_WRL,1984,180.9974243
World,OWID_WRL,1985,173.3248366
World,OWID_WRL,1986,90.75027192
World,OWID_WRL,1987,115.9379635
World,OWID_WRL,1988,93.85603905
World,OWID_WRL,1989,114.6240207
World,OWID_WRL,1990,149.2116854
World,OWID_WRL,1991,125.7857458
World,OWID_WRL,1992,121.508744
World,OWID_WRL,1993,106.7346057
World,OWID_WRL,1994,99.47704991
World,OWID_WRL,1995,107.017899
World,OWID_WRL,1996,129.9841182
World,OWID_WRL,1997,120.0732886
World,OWID_WRL,1998,79.96879234
World,OWID_WRL,1999,113.0138175
World,OWID_WRL,2000,179.2078792
World,OWID_WRL,2001,153.7276338
World,OWID_WRL,2002,157.3712589
World,OWID_WRL,2003,181.3162958
World,OWID_WRL,2004,240.6485812
World,OWID_WRL,2005,342.8831202
World,OWID_WRL,2006,409.6910302
World,OWID_WRL,2007,455.2549004
World,OWID_WRL,2008,611.6428193
World,OWID_WRL,2009,387.8505834
World,OWID_WRL,2010,499.947431
World,OWID_WRL,2011,699.6864682
World,OWID_WRL,2012,702.2907472
World,OWID_WRL,2013,683.3534067
World,OWID_WRL,2014,622.2714366
World,OWID_WRL,2015,329.4603381
World,OWID_WRL,2016,275.0441889
World,OWID_WRL,2017,340.8162554
World,OWID_WRL,2018,448.4689585
World,OWID_WRL,2019,403.8202828
World,OWID_WRL,2020,263.121349
World,OWID_WRL,2021,445.9649124